{
  "[NC]0000S4": [
    -2821.7401141552514,
    2643.8773174700855
  ],
  "[NM]0020": [
    -2673.7191506849317,
    2837.224217435897
  ],
  "[NM]0013": [
    -2782.5192328767125,
    3033.380340649572
  ],
  "[NM]0013A": [
    -2743.5133333333333,
    3081.4240865641023
  ],
  "[NM]0015": [
    -2676.1129360730592,
    3111.3778815726496
  ],
  "[NC]0000S3": [
    -2400.593310502283,
    2953.147477880342
  ],
  "[NC]0000S5": [
    -2839.8179041095887,
    3232.9195885128206
  ],
  "[NC]0000S2": [
    -2597.0600456621005,
    3585.794198700855
  ],
  "[NM]0067": [
    -2680.016424657534,
    3395.5097137777775
  ],
  "49E": [
    -2547.6359863013695,
    2824.118527863248
  ],
  "49D": [
    -2547.3944337899543,
    2855.8518994871793
  ],
  "49C": [
    -2539.051210045662,
    2876.2446900512814
  ],
  "49B": [
    -2547.5393652968037,
    2899.6902502564103
  ],
  "49A": [
    -2547.297812785388,
    2928.2888663247863
  ],
  "51C": [
    -2538.0077031963474,
    3005.5003070085468
  ],
  "51B": [
    -2537.524598173516,
    3044.8053189743587
  ],
  "53": [
    -2525.5580867579906,
    3080.73444034188
  ],
  "51A": [
    -2477.489136986301,
    3080.975575384615
  ],
  "55": [
    -2492.948497716895,
    3132.0962044444445
  ],
  "51": [
    -2482.561739726027,
    3009.1173326495727
  ],
  "57": [
    -2495.1224703196344,
    3200.337421538461
  ],
  "[NM]0061": [
    -2522.659456621004,
    3255.0147924786324
  ],
  "64": [
    -2499.71196803653,
    3345.5947599316237
  ],
  "64C": [
    -2529.0847534246577,
    3291.3417866666664
  ],
  "64D": [
    -2487.0063059360727,
    3290.955970598291
  ],
  "73": [
    -2499.71196803653,
    3438.1954390427345
  ],
  "75": [
    -2499.71196803653,
    3501.191968957265
  ],
  "62": [
    -2572.4192739726022,
    3291.4864676923075
  ],
  "64B": [
    -2588.071876712329,
    3372.592239316239
  ],
  "[NC]0064": [
    -2588.071876712329,
    3316.805647179487
  ],
  "49F": [
    -2553.0443470319638,
    2737.7487782564103
  ],
  "49": [
    -2480.095488584475,
    2825.521933811966
  ],
  "[BG]0000B": [
    -2818.2303561643835,
    2705.730867282051
  ],
  "29": [
    -2610.560415525114,
    2752.8004276239317
  ],
  "25": [
    -2684.258086757991,
    2754.7198625641026
  ],
  "25B": [
    -2678.168547945206,
    2712.1884637264957
  ],
  "25A": [
    -2649.0590547945203,
    2712.1402367179485
  ],
  "40": [
    -2611.0169497716897,
    2835.2637895384614
  ],
  "40A": [
    -2596.7387808219178,
    2893.261590017094
  ],
  "40C": [
    -2624.785442922375,
    2909.9191987692307
  ],
  "40B": [
    -2592.6275570776256,
    2933.7553977435896
  ],
  "40D": [
    -2650.6315616438355,
    2854.940409025641
  ],
  "46": [
    -2609.859913242009,
    3013.9400335042733
  ],
  "50": [
    -2596.574525114155,
    3087.486221538461
  ],
  "52": [
    -2624.3530639269406,
    3089.4153018803413
  ],
  "54": [
    -2610.3430182648403,
    3137.16004034188
  ],
  "[NT]0054": [
    -2591.98502739726,
    3163.395532991453
  ],
  "[NJ]0056A": [
    -2621.69598630137,
    3164.6325557606838
  ],
  "[NT]0056": [
    -2600.197812785388,
    3182.7104499145294
  ],
  "[NM]0013B": [
    -2745.320146118722,
    2945.124915008547
  ],
  "[NM]0013C": [
    -2777.3234383561644,
    2945.848320136752
  ],
  "[NM]0013D": [
    -2738.0735707762556,
    3039.6498517606838
  ],
  "11": [
    -2776.277515981735,
    3191.847056683761
  ],
  "12A": [
    -2737.3489132420095,
    3163.209859008547
  ],
  "12": [
    -2736.232940639269,
    3202.729481162393
  ],
  "14": [
    -2682.516493150685,
    3189.394713299145
  ],
  "66": [
    -2683.2411506849317,
    3253.1170596923075
  ],
  "67": [
    -2682.7580456621004,
    3306.104073982906
  ],
  "99": [
    -2741.696858447489,
    3250.3705315555558
  ],
  "93": [
    -2768.992292237443,
    3425.224785094017
  ],
  "95": [
    -2784.693205479452,
    3276.9267338119657
  ],
  "95A": [
    -2809.8146666666667,
    3277.409003897436
  ],
  "98": [
    -2793.389095890411,
    3243.16782782906
  ],
  "73A": [
    -2560.583200913242,
    3415.528745025641
  ],
  "64A": [
    -2588.071876712329,
    3341.4014215384614
  ],
  "[NM]0075B": [
    -2509.374068493151,
    3549.9012475897434
  ],
  "[NM]0075A": [
    -2479.4215570776255,
    3549.9012475897434
  ],
  "[NC]0010J": [
    -2621.5486392694065,
    3371.118904205128
  ],
  "[NC]0010G": [
    -2710.012415525114,
    3220.1659561025645
  ],
  "97": [
    -2742.17996347032,
    3295.252997059829
  ],
  "[NC]0010E": [
    -2570.887831050228,
    2898.067411418803
  ],
  "[NC]0010D": [
    -2617.40601369863,
    2961.5365660170937
  ],
  "[NC]0010H": [
    -2570.887831050228,
    3050.795113435897
  ],
  "25C": [
    -2626.9594155251143,
    2781.8764910769232
  ],
  "[NC]0000E2": [
    -2862.1615114155247,
    3246.7173356581197
  ],
  "[NC]0000E1": [
    -2542.5319817351597,
    2789.0864288547004
  ],
  "[CG]0000U1": [
    -2833.689716894977,
    2802.3512675555553
  ],
  "[CG]0000U2": [
    -2743.856337899543,
    2681.928427213675
  ],
  "[NM]0020A": [
    -2706.7876894977167,
    2856.020694017094
  ],
  "[NC]0010F": [
    -2547.76400913242,
    2958.056987350427
  ],
  "[NM]0001A": [
    -2833.8588036529677,
    3020.7906800683763
  ],
  "16B": [
    -2680.811132420091,
    2959.687060239316
  ],
  "46A": [
    -2589.719264840183,
    2974.794170666666
  ],
  "[NC]0054": [
    -2602.6761415525116,
    3113.2273873504273
  ],
  "[NT]0060": [
    -2627.2009680365295,
    3181.3166893675216
  ],
  "[NT]0056A": [
    -2599.3161461187215,
    3200.8799753846156
  ],
  "[NT]0060A": [
    -2623.860296803653,
    3201.1452239316236
  ],
  "[NM]0067A": [
    -2708.4060913242006,
    3383.0140958632473
  ],
  "[NM]0015A": [
    -2708.6790456621,
    3110.0419934358974
  ],
  "[NM]0052S": [
    -2632.3146347031966,
    3065.106478222222
  ],
  "[NM]0056S": [
    -2606.9153881278535,
    3171.6085925470084
  ],
  "[BG]0000S4": [
    -2867.630260273973,
    2628.418149880342
  ],
  "[NM]0021": [
    -2777.6012237442924,
    2790.9335232820513
  ],
  "16A": [
    -2677.680611872146,
    3031.586295931624
  ],
  "16": [
    -2650.0421735159816,
    2960.2079119316236
  ],
  "16C": [
    -2674.0307534246576,
    2924.2594997606834
  ],
  "11A": [
    -2782.8622374429224,
    3145.3538090940174
  ],
  "11C": [
    -2786.024159817352,
    3113.183983042735
  ],
  "11B": [
    -2770.8570776255706,
    3109.7140497777777
  ]
}